Site,Parameter,Date (LT),Year,Month,Day,Hour,NowCast Conc.,AQI,AQI Category,Raw Conc.,Conc. Unit,Duration,QC Name
Jakarta Central,PM2.5 - Principal,2023-08-01 01:00 AM,2023,08,01,01,47.7,131,Unhealthy for Sensitive Groups,54.0,UG/M3,1 Hr,Valid
Jakarta Central,PM2.5 - Principal,2023-08-01 02:00 AM,2023,08,01,02,54.4,148,Unhealthy for Sensitive Groups,61.0,UG/M3,1 Hr,Valid
Jakarta Central,PM2.5 - Principal,2023-08-01 03:00 AM,2023,08,01,03,54.2,147,Unhealthy for Sensitive Groups,54.0,UG/M3,1 Hr,Valid
Jakarta Central,PM2.5 - Principal,2023-08-01 04:00 AM,2023,08,01,04,52.0,142,Unhealthy for Sensitive Groups,50.0,UG/M3,1 Hr,Valid
Jakarta Central,PM2.5 - Principal,2023-08-01 05:00 AM,2023,08,01,05,45.1,125,Unhealthy for Sensitive Groups,38.0,UG/M3,1 Hr,Valid
Jakarta Central,PM2.5 - Principal,2023-08-01 06:00 AM,2023,08,01,06,40.5,113,Unhealthy for Sensitive Groups,34.0,UG/M3,1 Hr,Valid
Jakarta Central,PM2.5 - Principal,2023-08-01 07:00 AM,2023,08,01,07,37.6,106,Unhealthy for Sensitive Groups,34.0,UG/M3,1 Hr,Valid
Jakarta Central,PM2.5 - Principal,2023-08-01 08:00 AM,2023,08,01,08,38.6,109,Unhealthy for Sensitive Groups,40.0,UG/M3,1 Hr,Valid
Jakarta Central,PM2.5 - Principal,2023-08-01 09:00 AM,2023,08,01,09,40.5,113,Unhealthy for Sensitive Groups,43.0,UG/M3,1 Hr,Valid
Jakarta Central,PM2.5 - Principal,2023-08-01 10:00 AM,2023,08,01,10,40.7,114,Unhealthy for Sensitive Groups,41.0,UG/M3,1 Hr,Valid
Jakarta Central,PM2.5 - Principal,2023-08-01 11:00 AM,2023,08,01,11,39.9,112,Unhealthy for Sensitive Groups,39.0,UG/M3,1 Hr,Valid
Jakarta Central,PM2.5 - Principal,2023-08-01 12:00 PM,2023,08,01,12,31.9,93,Moderate,24.0,UG/M3,1 Hr,Valid
Jakarta Central,PM2.5 - Principal,2023-08-01 01:00 PM,2023,08,01,13,28.9,86,Moderate,26.0,UG/M3,1 Hr,Valid
Jakarta Central,PM2.5 - Principal,2023-08-01 02:00 PM,2023,08,01,14,27.9,84,Moderate,27.0,UG/M3,1 Hr,Valid
Jakarta Central,PM2.5 - Principal,2023-08-01 03:00 PM,2023,08,01,15,26.9,82,Moderate,26.0,UG/M3,1 Hr,Valid
Jakarta Central,PM2.5 - Principal,2023-08-01 04:00 PM,2023,08,01,16,21.9,72,Moderate,17.0,UG/M3,1 Hr,Valid
Jakarta Central,PM2.5 - Principal,2023-08-01 05:00 PM,2023,08,01,17,20.4,68,Moderate,19.0,UG/M3,1 Hr,Valid
Jakarta Central,PM2.5 - Principal,2023-08-01 06:00 PM,2023,08,01,18,22.2,72,Moderate,24.0,UG/M3,1 Hr,Valid
Jakarta Central,PM2.5 - Principal,2023-08-01 07:00 PM,2023,08,01,19,25.6,79,Moderate,29.0,UG/M3,1 Hr,Valid
Jakarta Central,PM2.5 - Principal,2023-08-01 08:00 PM,2023,08,01,20,31.3,91,Moderate,37.0,UG/M3,1 Hr,Valid
Jakarta Central,PM2.5 - Principal,2023-08-01 09:00 PM,2023,08,01,21,37.1,105,Unhealthy for Sensitive Groups,43.0,UG/M3,1 Hr,Valid
Jakarta Central,PM2.5 - Principal,2023-08-01 10:00 PM,2023,08,01,22,43.0,119,Unhealthy for Sensitive Groups,49.0,UG/M3,1 Hr,Valid
Jakarta Central,PM2.5 - Principal,2023-08-01 11:00 PM,2023,08,01,23,42.5,118,Unhealthy for Sensitive Groups,42.0,UG/M3,1 Hr,Valid
Jakarta Central,PM2.5 - Principal,2023-08-02 12:00 AM,2023,08,02,00,38.7,109,Unhealthy for Sensitive Groups,35.0,UG/M3,1 Hr,Valid
Jakarta Central,PM2.5 - Principal,2023-08-02 01:00 AM,2023,08,02,01,46.3,128,Unhealthy for Sensitive Groups,54.0,UG/M3,1 Hr,Valid
Jakarta Central,PM2.5 - Principal,2023-08-02 02:00 AM,2023,08,02,02,49.1,134,Unhealthy for Sensitive Groups,52.0,UG/M3,1 Hr,Valid
Jakarta Central,PM2.5 - Principal,2023-08-02 03:00 AM,2023,08,02,03,53.6,146,Unhealthy for Sensitive Groups,58.0,UG/M3,1 Hr,Valid
Jakarta Central,PM2.5 - Principal,2023-08-02 04:00 AM,2023,08,02,04,49.8,136,Unhealthy for Sensitive Groups,46.0,UG/M3,1 Hr,Valid
Jakarta Central,PM2.5 - Principal,2023-08-02 05:00 AM,2023,08,02,05,42.4,118,Unhealthy for Sensitive Groups,35.0,UG/M3,1 Hr,Valid
Jakarta Central,PM2.5 - Principal,2023-08-02 06:00 AM,2023,08,02,06,36.7,104,Unhealthy for Sensitive Groups,31.0,UG/M3,1 Hr,Valid
Jakarta Central,PM2.5 - Principal,2023-08-02 07:00 AM,2023,08,02,07,34.8,99,Moderate,32.0,UG/M3,1 Hr,Valid
Jakarta Central,PM2.5 - Principal,2023-08-02 08:00 AM,2023,08,02,08,32.3,93,Moderate,30.0,UG/M3,1 Hr,Valid
Jakarta Central,PM2.5 - Principal,2023-08-02 09:00 AM,2023,08,02,09,35.0,99,Moderate,38.0,UG/M3,1 Hr,Valid
Jakarta Central,PM2.5 - Principal,2023-08-02 10:00 AM,2023,08,02,10,36.4,103,Unhealthy for Sensitive Groups,38.0,UG/M3,1 Hr,Valid
Jakarta Central,PM2.5 - Principal,2023-08-02 11:00 AM,2023,08,02,11,38.1,107,Unhealthy for Sensitive Groups,40.0,UG/M3,1 Hr,Valid
Jakarta Central,PM2.5 - Principal,2023-08-02 12:00 PM,2023,08,02,12,43.8,121,Unhealthy for Sensitive Groups,50.0,UG/M3,1 Hr,Valid
Jakarta Central,PM2.5 - Principal,2023-08-02 01:00 PM,2023,08,02,13,46.3,128,Unhealthy for Sensitive Groups,49.0,UG/M3,1 Hr,Valid
Jakarta Central,PM2.5 - Principal,2023-08-02 02:00 PM,2023,08,02,14,46.6,128,Unhealthy for Sensitive Groups,47.0,UG/M3,1 Hr,Valid
Jakarta Central,PM2.5 - Principal,2023-08-02 03:00 PM,2023,08,02,15,42.7,119,Unhealthy for Sensitive Groups,38.0,UG/M3,1 Hr,Valid
Jakarta Central,PM2.5 - Principal,2023-08-02 04:00 PM,2023,08,02,16,40.4,113,Unhealthy for Sensitive Groups,37.0,UG/M3,1 Hr,Valid
Jakarta Central,PM2.5 - Principal,2023-08-02 05:00 PM,2023,08,02,17,37.0,105,Unhealthy for Sensitive Groups,32.0,UG/M3,1 Hr,Valid
Jakarta Central,PM2.5 - Principal,2023-08-02 06:00 PM,2023,08,02,18,35.8,102,Unhealthy for Sensitive Groups,34.0,UG/M3,1 Hr,Valid
Jakarta Central,PM2.5 - Principal,2023-08-02 07:00 PM,2023,08,02,19,37.1,105,Unhealthy for Sensitive Groups,39.0,UG/M3,1 Hr,Valid
Jakarta Central,PM2.5 - Principal,2023-08-02 08:00 PM,2023,08,02,20,39.7,111,Unhealthy for Sensitive Groups,44.0,UG/M3,1 Hr,Valid
Jakarta Central,PM2.5 - Principal,2023-08-02 09:00 PM,2023,08,02,21,50.8,139,Unhealthy for Sensitive Groups,62.0,UG/M3,1 Hr,Valid
Jakarta Central,PM2.5 - Principal,2023-08-02 10:00 PM,2023,08,02,22,49.9,136,Unhealthy for Sensitive Groups,49.0,UG/M3,1 Hr,Valid
Jakarta Central,PM2.5 - Principal,2023-08-02 11:00 PM,2023,08,02,23,40.0,112,Unhealthy for Sensitive Groups,30.0,UG/M3,1 Hr,Valid
Jakarta Central,PM2.5 - Principal,2023-08-03 12:00 AM,2023,08,03,00,39.0,110,Unhealthy for Sensitive Groups,38.0,UG/M3,1 Hr,Valid
Jakarta Central,PM2.5 - Principal,2023-08-03 01:00 AM,2023,08,03,01,44.5,123,Unhealthy for Sensitive Groups,50.0,UG/M3,1 Hr,Valid
Jakarta Central,PM2.5 - Principal,2023-08-03 02:00 AM,2023,08,03,02,47.7,131,Unhealthy for Sensitive Groups,51.0,UG/M3,1 Hr,Valid
Jakarta Central,PM2.5 - Principal,2023-08-03 03:00 AM,2023,08,03,03,48.8,134,Unhealthy for Sensitive Groups,50.0,UG/M3,1 Hr,Valid
Jakarta Central,PM2.5 - Principal,2023-08-03 04:00 AM,2023,08,03,04,49.4,135,Unhealthy for Sensitive Groups,50.0,UG/M3,1 Hr,Valid
Jakarta Central,PM2.5 - Principal,2023-08-03 05:00 AM,2023,08,03,05,52.7,143,Unhealthy for Sensitive Groups,56.0,UG/M3,1 Hr,Valid
Jakarta Central,PM2.5 - Principal,2023-08-03 06:00 AM,2023,08,03,06,58.8,153,Unhealthy,65.0,UG/M3,1 Hr,Valid
Jakarta Central,PM2.5 - Principal,2023-08-03 07:00 AM,2023,08,03,07,58.9,153,Unhealthy,59.0,UG/M3,1 Hr,Valid
Jakarta Central,PM2.5 - Principal,2023-08-03 08:00 AM,2023,08,03,08,54.4,148,Unhealthy for Sensitive Groups,50.0,UG/M3,1 Hr,Valid
Jakarta Central,PM2.5 - Principal,2023-08-03 09:00 AM,2023,08,03,09,48.2,132,Unhealthy for Sensitive Groups,42.0,UG/M3,1 Hr,Valid
Jakarta Central,PM2.5 - Principal,2023-08-03 10:00 AM,2023,08,03,10,47.1,130,Unhealthy for Sensitive Groups,46.0,UG/M3,1 Hr,Valid
Jakarta Central,PM2.5 - Principal,2023-08-03 11:00 AM,2023,08,03,11,52.1,142,Unhealthy for Sensitive Groups,58.0,UG/M3,1 Hr,Valid
Jakarta Central,PM2.5 - Principal,2023-08-03 12:00 PM,2023,08,03,12,53.4,145,Unhealthy for Sensitive Groups,56.0,UG/M3,1 Hr,Valid
Jakarta Central,PM2.5 - Principal,2023-08-03 01:00 PM,2023,08,03,13,51.5,140,Unhealthy for Sensitive Groups,48.0,UG/M3,1 Hr,Valid
Jakarta Central,PM2.5 - Principal,2023-08-03 02:00 PM,2023,08,03,14,47.0,129,Unhealthy for Sensitive Groups,40.0,UG/M3,1 Hr,Valid
Jakarta Central,PM2.5 - Principal,2023-08-03 03:00 PM,2023,08,03,15,43.6,121,Unhealthy for Sensitive Groups,39.0,UG/M3,1 Hr,Valid
Jakarta Central,PM2.5 - Principal,2023-08-03 04:00 PM,2023,08,03,16,45.4,125,Unhealthy for Sensitive Groups,48.0,UG/M3,1 Hr,Valid
Jakarta Central,PM2.5 - Principal,2023-08-03 05:00 PM,2023,08,03,17,46.0,127,Unhealthy for Sensitive Groups,47.0,UG/M3,1 Hr,Valid
Jakarta Central,PM2.5 - Principal,2023-08-03 06:00 PM,2023,08,03,18,49.1,134,Unhealthy for Sensitive Groups,55.0,UG/M3,1 Hr,Valid
Jakarta Central,PM2.5 - Principal,2023-08-03 07:00 PM,2023,08,03,19,49.6,136,Unhealthy for Sensitive Groups,51.0,UG/M3,1 Hr,Valid
Jakarta Central,PM2.5 - Principal,2023-08-03 08:00 PM,2023,08,03,20,49.1,134,Unhealthy for Sensitive Groups,48.0,UG/M3,1 Hr,Valid
Jakarta Central,PM2.5 - Principal,2023-08-03 09:00 PM,2023,08,03,21,50.0,137,Unhealthy for Sensitive Groups,52.0,UG/M3,1 Hr,Valid
Jakarta Central,PM2.5 - Principal,2023-08-03 10:00 PM,2023,08,03,22,48.7,134,Unhealthy for Sensitive Groups,46.0,UG/M3,1 Hr,Valid
Jakarta Central,PM2.5 - Principal,2023-08-03 11:00 PM,2023,08,03,23,46.0,127,Unhealthy for Sensitive Groups,40.0,UG/M3,1 Hr,Valid
Jakarta Central,PM2.5 - Principal,2023-08-04 12:00 AM,2023,08,04,00,41.6,116,Unhealthy for Sensitive Groups,35.0,UG/M3,1 Hr,Valid
Jakarta Central,PM2.5 - Principal,2023-08-04 01:00 AM,2023,08,04,01,36.3,103,Unhealthy for Sensitive Groups,31.0,UG/M3,1 Hr,Valid
Jakarta Central,PM2.5 - Principal,2023-08-04 02:00 AM,2023,08,04,02,37.0,105,Unhealthy for Sensitive Groups,38.0,UG/M3,1 Hr,Valid
Jakarta Central,PM2.5 - Principal,2023-08-04 03:00 AM,2023,08,04,03,38.7,109,Unhealthy for Sensitive Groups,41.0,UG/M3,1 Hr,Valid
Jakarta Central,PM2.5 - Principal,2023-08-04 04:00 AM,2023,08,04,04,43.2,120,Unhealthy for Sensitive Groups,49.0,UG/M3,1 Hr,Valid
Jakarta Central,PM2.5 - Principal,2023-08-04 05:00 AM,2023,08,04,05,54.9,149,Unhealthy for Sensitive Groups,66.0,UG/M3,1 Hr,Valid
Jakarta Central,PM2.5 - Principal,2023-08-04 06:00 AM,2023,08,04,06,63.9,155,Unhealthy,73.0,UG/M3,1 Hr,Valid
Jakarta Central,PM2.5 - Principal,2023-08-04 07:00 AM,2023,08,04,07,71.9,159,Unhealthy,80.0,UG/M3,1 Hr,Valid
Jakarta Central,PM2.5 - Principal,2023-08-04 08:00 AM,2023,08,04,08,76.5,162,Unhealthy,81.0,UG/M3,1 Hr,Valid
Jakarta Central,PM2.5 - Principal,2023-08-04 09:00 AM,2023,08,04,09,73.7,160,Unhealthy,71.0,UG/M3,1 Hr,Valid
Jakarta Central,PM2.5 - Principal,2023-08-04 10:00 AM,2023,08,04,10,73.3,160,Unhealthy,73.0,UG/M3,1 Hr,Valid
Jakarta Central,PM2.5 - Principal,2023-08-04 11:00 AM,2023,08,04,11,64.6,156,Unhealthy,56.0,UG/M3,1 Hr,Valid
Jakarta Central,PM2.5 - Principal,2023-08-04 12:00 PM,2023,08,04,12,59.8,153,Unhealthy,55.0,UG/M3,1 Hr,Valid
Jakarta Central,PM2.5 - Principal,2023-08-04 01:00 PM,2023,08,04,13,46.9,129,Unhealthy for Sensitive Groups,34.0,UG/M3,1 Hr,Valid
Jakarta Central,PM2.5 - Principal,2023-08-04 02:00 PM,2023,08,04,14,45.4,125,Unhealthy for Sensitive Groups,44.0,UG/M3,1 Hr,Valid
Jakarta Central,PM2.5 - Principal,2023-08-04 03:00 PM,2023,08,04,15,41.2,115,Unhealthy for Sensitive Groups,37.0,UG/M3,1 Hr,Valid
Jakarta Central,PM2.5 - Principal,2023-08-04 04:00 PM,2023,08,04,16,43.1,120,Unhealthy for Sensitive Groups,45.0,UG/M3,1 Hr,Valid
Jakarta Central,PM2.5 - Principal,2023-08-04 05:00 PM,2023,08,04,17,36.0,102,Unhealthy for Sensitive Groups,29.0,UG/M3,1 Hr,Valid
Jakarta Central,PM2.5 - Principal,2023-08-04 06:00 PM,2023,08,04,18,34.0,97,Moderate,32.0,UG/M3,1 Hr,Valid
Jakarta Central,PM2.5 - Principal,2023-08-04 07:00 PM,2023,08,04,19,32.0,93,Moderate,30.0,UG/M3,1 Hr,Valid
Jakarta Central,PM2.5 - Principal,2023-08-04 08:00 PM,2023,08,04,20,38.4,108,Unhealthy for Sensitive Groups,45.0,UG/M3,1 Hr,Valid
Jakarta Central,PM2.5 - Principal,2023-08-04 09:00 PM,2023,08,04,21,41.2,115,Unhealthy for Sensitive Groups,44.0,UG/M3,1 Hr,Valid
Jakarta Central,PM2.5 - Principal,2023-08-04 10:00 PM,2023,08,04,22,38.1,107,Unhealthy for Sensitive Groups,35.0,UG/M3,1 Hr,Valid
Jakarta Central,PM2.5 - Principal,2023-08-04 11:00 PM,2023,08,04,23,35.2,100,Moderate,32.0,UG/M3,1 Hr,Valid
Jakarta Central,PM2.5 - Principal,2023-08-05 12:00 AM,2023,08,05,00,32.1,93,Moderate,27.0,UG/M3,1 Hr,Valid
Jakarta Central,PM2.5 - Principal,2023-08-05 01:00 AM,2023,08,05,01,30.9,91,Moderate,29.0,UG/M3,1 Hr,Valid
Jakarta Central,PM2.5 - Principal,2023-08-05 02:00 AM,2023,08,05,02,30.5,90,Moderate,30.0,UG/M3,1 Hr,Valid
Jakarta Central,PM2.5 - Principal,2023-08-05 03:00 AM,2023,08,05,03,30.7,90,Moderate,31.0,UG/M3,1 Hr,Valid
Jakarta Central,PM2.5 - Principal,2023-08-05 04:00 AM,2023,08,05,04,32.8,95,Moderate,36.0,UG/M3,1 Hr,Valid
Jakarta Central,PM2.5 - Principal,2023-08-05 05:00 AM,2023,08,05,05,37.3,105,Unhealthy for Sensitive Groups,44.0,UG/M3,1 Hr,Valid
Jakarta Central,PM2.5 - Principal,2023-08-05 06:00 AM,2023,08,05,06,47.8,131,Unhealthy for Sensitive Groups,57.0,UG/M3,1 Hr,Valid
Jakarta Central,PM2.5 - Principal,2023-08-05 07:00 AM,2023,08,05,07,53.4,145,Unhealthy for Sensitive Groups,59.0,UG/M3,1 Hr,Valid
Jakarta Central,PM2.5 - Principal,2023-08-05 08:00 AM,2023,08,05,08,55.7,151,Unhealthy,58.0,UG/M3,1 Hr,Valid
Jakarta Central,PM2.5 - Principal,2023-08-05 09:00 AM,2023,08,05,09,54.8,149,Unhealthy for Sensitive Groups,54.0,UG/M3,1 Hr,Valid
Jakarta Central,PM2.5 - Principal,2023-08-05 10:00 AM,2023,08,05,10,58.9,153,Unhealthy,63.0,UG/M3,1 Hr,Valid
Jakarta Central,PM2.5 - Principal,2023-08-05 11:00 AM,2023,08,05,11,61.4,154,Unhealthy,64.0,UG/M3,1 Hr,Valid
Jakarta Central,PM2.5 - Principal,2023-08-05 12:00 PM,2023,08,05,12,54.2,147,Unhealthy for Sensitive Groups,47.0,UG/M3,1 Hr,Valid
Jakarta Central,PM2.5 - Principal,2023-08-05 01:00 PM,2023,08,05,13,46.1,127,Unhealthy for Sensitive Groups,38.0,UG/M3,1 Hr,Valid
Jakarta Central,PM2.5 - Principal,2023-08-05 02:00 PM,2023,08,05,14,46.5,128,Unhealthy for Sensitive Groups,47.0,UG/M3,1 Hr,Valid
Jakarta Central,PM2.5 - Principal,2023-08-05 03:00 PM,2023,08,05,15,37.2,105,Unhealthy for Sensitive Groups,28.0,UG/M3,1 Hr,Valid
Jakarta Central,PM2.5 - Principal,2023-08-05 04:00 PM,2023,08,05,16,28.1,85,Moderate,19.0,UG/M3,1 Hr,Valid
Jakarta Central,PM2.5 - Principal,2023-08-05 05:00 PM,2023,08,05,17,21.0,70,Moderate,14.0,UG/M3,1 Hr,Valid
Jakarta Central,PM2.5 - Principal,2023-08-05 06:00 PM,2023,08,05,18,25.0,78,Moderate,29.0,UG/M3,1 Hr,Valid
Jakarta Central,PM2.5 - Principal,2023-08-05 07:00 PM,2023,08,05,19,24.0,76,Moderate,23.0,UG/M3,1 Hr,Valid
Jakarta Central,PM2.5 - Principal,2023-08-05 08:00 PM,2023,08,05,20,23.5,75,Moderate,23.0,UG/M3,1 Hr,Valid
Jakarta Central,PM2.5 - Principal,2023-08-05 09:00 PM,2023,08,05,21,25.7,80,Moderate,28.0,UG/M3,1 Hr,Valid
Jakarta Central,PM2.5 - Principal,2023-08-05 10:00 PM,2023,08,05,22,34.8,99,Moderate,44.0,UG/M3,1 Hr,Valid
Jakarta Central,PM2.5 - Principal,2023-08-05 11:00 PM,2023,08,05,23,40.9,114,Unhealthy for Sensitive Groups,47.0,UG/M3,1 Hr,Valid
Jakarta Central,PM2.5 - Principal,2023-08-06 12:00 AM,2023,08,06,00,39.4,111,Unhealthy for Sensitive Groups,38.0,UG/M3,1 Hr,Valid
Jakarta Central,PM2.5 - Principal,2023-08-06 01:00 AM,2023,08,06,01,37.7,106,Unhealthy for Sensitive Groups,36.0,UG/M3,1 Hr,Valid
Jakarta Central,PM2.5 - Principal,2023-08-06 02:00 AM,2023,08,06,02,46.8,129,Unhealthy for Sensitive Groups,56.0,UG/M3,1 Hr,Valid
Jakarta Central,PM2.5 - Principal,2023-08-06 03:00 AM,2023,08,06,03,56.9,152,Unhealthy,67.0,UG/M3,1 Hr,Valid
Jakarta Central,PM2.5 - Principal,2023-08-06 04:00 AM,2023,08,06,04,54.4,148,Unhealthy for Sensitive Groups,52.0,UG/M3,1 Hr,Valid
Jakarta Central,PM2.5 - Principal,2023-08-06 05:00 AM,2023,08,06,05,51.7,141,Unhealthy for Sensitive Groups,49.0,UG/M3,1 Hr,Valid
Jakarta Central,PM2.5 - Principal,2023-08-06 06:00 AM,2023,08,06,06,47.8,131,Unhealthy for Sensitive Groups,44.0,UG/M3,1 Hr,Valid
Jakarta Central,PM2.5 - Principal,2023-08-06 07:00 AM,2023,08,06,07,48.4,133,Unhealthy for Sensitive Groups,49.0,UG/M3,1 Hr,Valid
Jakarta Central,PM2.5 - Principal,2023-08-06 08:00 AM,2023,08,06,08,57.2,152,Unhealthy,66.0,UG/M3,1 Hr,Valid
Jakarta Central,PM2.5 - Principal,2023-08-06 09:00 AM,2023,08,06,09,59.5,153,Unhealthy,63.0,UG/M3,1 Hr,Valid
Jakarta Central,PM2.5 - Principal,2023-08-06 10:00 AM,2023,08,06,10,59.7,153,Unhealthy,60.0,UG/M3,1 Hr,Valid
Jakarta Central,PM2.5 - Principal,2023-08-06 11:00 AM,2023,08,06,11,61.7,154,Unhealthy,64.0,UG/M3,1 Hr,Valid
Jakarta Central,PM2.5 - Principal,2023-08-06 12:00 PM,2023,08,06,12,61.8,154,Unhealthy,62.0,UG/M3,1 Hr,Valid
Jakarta Central,PM2.5 - Principal,2023-08-06 01:00 PM,2023,08,06,13,64.0,155,Unhealthy,69.0,UG/M3,1 Hr,Valid
Jakarta Central,PM2.5 - Principal,2023-08-06 02:00 PM,2023,08,06,14,69.5,158,Unhealthy,76.0,UG/M3,1 Hr,Valid
Jakarta Central,PM2.5 - Principal,2023-08-06 03:00 PM,2023,08,06,15,68.4,158,Unhealthy,67.0,UG/M3,1 Hr,Valid
Jakarta Central,PM2.5 - Principal,2023-08-06 04:00 PM,2023,08,06,16,68.2,158,Unhealthy,68.0,UG/M3,1 Hr,Valid
Jakarta Central,PM2.5 - Principal,2023-08-06 05:00 PM,2023,08,06,17,63.1,155,Unhealthy,56.0,UG/M3,1 Hr,Valid
Jakarta Central,PM2.5 - Principal,2023-08-06 06:00 PM,2023,08,06,18,62.4,155,Unhealthy,60.0,UG/M3,1 Hr,Valid
Jakarta Central,PM2.5 - Principal,2023-08-06 07:00 PM,2023,08,06,19,55.0,149,Unhealthy for Sensitive Groups,45.0,UG/M3,1 Hr,Valid
Jakarta Central,PM2.5 - Principal,2023-08-06 08:00 PM,2023,08,06,20,47.1,130,Unhealthy for Sensitive Groups,40.0,UG/M3,1 Hr,Valid
Jakarta Central,PM2.5 - Principal,2023-08-06 09:00 PM,2023,08,06,21,43.7,121,Unhealthy for Sensitive Groups,40.0,UG/M3,1 Hr,Valid
Jakarta Central,PM2.5 - Principal,2023-08-06 10:00 PM,2023,08,06,22,40.6,114,Unhealthy for Sensitive Groups,38.0,UG/M3,1 Hr,Valid
Jakarta Central,PM2.5 - Principal,2023-08-06 11:00 PM,2023,08,06,23,38.8,109,Unhealthy for Sensitive Groups,37.0,UG/M3,1 Hr,Valid
Jakarta Central,PM2.5 - Principal,2023-08-07 12:00 AM,2023,08,07,00,40.4,113,Unhealthy for Sensitive Groups,42.0,UG/M3,1 Hr,Valid
Jakarta Central,PM2.5 - Principal,2023-08-07 01:00 AM,2023,08,07,01,71.7,159,Unhealthy,103.0,UG/M3,1 Hr,Valid
Jakarta Central,PM2.5 - Principal,2023-08-07 02:00 AM,2023,08,07,02,88.8,168,Unhealthy,106.0,UG/M3,1 Hr,Valid
Jakarta Central,PM2.5 - Principal,2023-08-07 03:00 AM,2023,08,07,03,87.9,168,Unhealthy,87.0,UG/M3,1 Hr,Valid
Jakarta Central,PM2.5 - Principal,2023-08-07 04:00 AM,2023,08,07,04,86.9,167,Unhealthy,86.0,UG/M3,1 Hr,Valid
Jakarta Central,PM2.5 - Principal,2023-08-07 05:00 AM,2023,08,07,05,86.4,167,Unhealthy,86.0,UG/M3,1 Hr,Valid
Jakarta Central,PM2.5 - Principal,2023-08-07 06:00 AM,2023,08,07,06,90.2,169,Unhealthy,94.0,UG/M3,1 Hr,Valid
Jakarta Central,PM2.5 - Principal,2023-08-07 07:00 AM,2023,08,07,07,92.1,170,Unhealthy,94.0,UG/M3,1 Hr,Valid
Jakarta Central,PM2.5 - Principal,2023-08-07 08:00 AM,2023,08,07,08,96.0,172,Unhealthy,100.0,UG/M3,1 Hr,Valid
Jakarta Central,PM2.5 - Principal,2023-08-07 09:00 AM,2023,08,07,09,87.0,167,Unhealthy,78.0,UG/M3,1 Hr,Valid
Jakarta Central,PM2.5 - Principal,2023-08-07 10:00 AM,2023,08,07,10,87.5,168,Unhealthy,88.0,UG/M3,1 Hr,Valid
Jakarta Central,PM2.5 - Principal,2023-08-07 11:00 AM,2023,08,07,11,75.2,161,Unhealthy,63.0,UG/M3,1 Hr,Valid
Jakarta Central,PM2.5 - Principal,2023-08-07 12:00 PM,2023,08,07,12,72.6,160,Unhealthy,65.0,UG/M3,1 Hr,Valid
Jakarta Central,PM2.5 - Principal,2023-08-07 01:00 PM,2023,08,07,13,67.3,157,Unhealthy,61.0,UG/M3,1 Hr,Valid
Jakarta Central,PM2.5 - Principal,2023-08-07 02:00 PM,2023,08,07,14,61.4,154,Unhealthy,55.0,UG/M3,1 Hr,Valid
Jakarta Central,PM2.5 - Principal,2023-08-07 03:00 PM,2023,08,07,15,55.8,151,Unhealthy,51.0,UG/M3,1 Hr,Valid
Jakarta Central,PM2.5 - Principal,2023-08-07 04:00 PM,2023,08,07,16,41.8,117,Unhealthy for Sensitive Groups,28.0,UG/M3,1 Hr,Valid
Jakarta Central,PM2.5 - Principal,2023-08-07 05:00 PM,2023,08,07,17,36.8,104,Unhealthy for Sensitive Groups,32.0,UG/M3,1 Hr,Valid
Jakarta Central,PM2.5 - Principal,2023-08-07 06:00 PM,2023,08,07,18,33.4,96,Moderate,30.0,UG/M3,1 Hr,Valid
Jakarta Central,PM2.5 - Principal,2023-08-07 07:00 PM,2023,08,07,19,37.7,106,Unhealthy for Sensitive Groups,42.0,UG/M3,1 Hr,Valid
Jakarta Central,PM2.5 - Principal,2023-08-07 08:00 PM,2023,08,07,20,41.3,115,Unhealthy for Sensitive Groups,45.0,UG/M3,1 Hr,Valid
Jakarta Central,PM2.5 - Principal,2023-08-07 09:00 PM,2023,08,07,21,52.6,143,Unhealthy for Sensitive Groups,64.0,UG/M3,1 Hr,Valid
Jakarta Central,PM2.5 - Principal,2023-08-07 10:00 PM,2023,08,07,22,49.8,136,Unhealthy for Sensitive Groups,47.0,UG/M3,1 Hr,Valid
Jakarta Central,PM2.5 - Principal,2023-08-07 11:00 PM,2023,08,07,23,45.9,127,Unhealthy for Sensitive Groups,42.0,UG/M3,1 Hr,Valid
Jakarta Central,PM2.5 - Principal,2023-08-08 12:00 AM,2023,08,08,00,43.9,122,Unhealthy for Sensitive Groups,42.0,UG/M3,1 Hr,Valid
Jakarta Central,PM2.5 - Principal,2023-08-08 01:00 AM,2023,08,08,01,46.9,129,Unhealthy for Sensitive Groups,50.0,UG/M3,1 Hr,Valid
Jakarta Central,PM2.5 - Principal,2023-08-08 02:00 AM,2023,08,08,02,49.4,135,Unhealthy for Sensitive Groups,52.0,UG/M3,1 Hr,Valid
Jakarta Central,PM2.5 - Principal,2023-08-08 03:00 AM,2023,08,08,03,48.7,134,Unhealthy for Sensitive Groups,48.0,UG/M3,1 Hr,Valid
Jakarta Central,PM2.5 - Principal,2023-08-08 04:00 AM,2023,08,08,04,54.8,149,Unhealthy for Sensitive Groups,61.0,UG/M3,1 Hr,Valid
Jakarta Central,PM2.5 - Principal,2023-08-08 05:00 AM,2023,08,08,05,62.4,155,Unhealthy,70.0,UG/M3,1 Hr,Valid
Jakarta Central,PM2.5 - Principal,2023-08-08 06:00 AM,2023,08,08,06,67.2,157,Unhealthy,75.0,UG/M3,1 Hr,Valid
Jakarta Central,PM2.5 - Principal,2023-08-08 07:00 AM,2023,08,08,07,66.7,157,Unhealthy,66.0,UG/M3,1 Hr,Valid
Jakarta Central,PM2.5 - Principal,2023-08-08 08:00 AM,2023,08,08,08,66.8,157,Unhealthy,67.0,UG/M3,1 Hr,Valid
Jakarta Central,PM2.5 - Principal,2023-08-08 09:00 AM,2023,08,08,09,67.7,157,Unhealthy,69.0,UG/M3,1 Hr,Valid
Jakarta Central,PM2.5 - Principal,2023-08-08 10:00 AM,2023,08,08,10,67.0,157,Unhealthy,66.0,UG/M3,1 Hr,Valid
Jakarta Central,PM2.5 - Principal,2023-08-08 11:00 AM,2023,08,08,11,57.3,152,Unhealthy,45.0,UG/M3,1 Hr,Valid
Jakarta Central,PM2.5 - Principal,2023-08-08 12:00 PM,2023,08,08,12,43.0,119,Unhealthy for Sensitive Groups,30.0,UG/M3,1 Hr,Valid
Jakarta Central,PM2.5 - Principal,2023-08-08 01:00 PM,2023,08,08,13,35.5,101,Unhealthy for Sensitive Groups,28.0,UG/M3,1 Hr,Valid
Jakarta Central,PM2.5 - Principal,2023-08-08 02:00 PM,2023,08,08,14,32.7,94,Moderate,30.0,UG/M3,1 Hr,Valid
Jakarta Central,PM2.5 - Principal,2023-08-08 03:00 PM,2023,08,08,15,39.3,110,Unhealthy for Sensitive Groups,46.0,UG/M3,1 Hr,Valid
Jakarta Central,PM2.5 - Principal,2023-08-08 04:00 PM,2023,08,08,16,38.6,109,Unhealthy for Sensitive Groups,38.0,UG/M3,1 Hr,Valid
Jakarta Central,PM2.5 - Principal,2023-08-08 05:00 PM,2023,08,08,17,37.8,107,Unhealthy for Sensitive Groups,37.0,UG/M3,1 Hr,Valid
Jakarta Central,PM2.5 - Principal,2023-08-08 06:00 PM,2023,08,08,18,39.4,111,Unhealthy for Sensitive Groups,41.0,UG/M3,1 Hr,Valid
Jakarta Central,PM2.5 - Principal,2023-08-08 07:00 PM,2023,08,08,19,37.7,106,Unhealthy for Sensitive Groups,36.0,UG/M3,1 Hr,Valid
Jakarta Central,PM2.5 - Principal,2023-08-08 08:00 PM,2023,08,08,20,32.3,93,Moderate,27.0,UG/M3,1 Hr,Valid
Jakarta Central,PM2.5 - Principal,2023-08-08 09:00 PM,2023,08,08,21,33.1,95,Moderate,34.0,UG/M3,1 Hr,Valid
Jakarta Central,PM2.5 - Principal,2023-08-08 10:00 PM,2023,08,08,22,39.8,112,Unhealthy for Sensitive Groups,48.0,UG/M3,1 Hr,Valid
Jakarta Central,PM2.5 - Principal,2023-08-08 11:00 PM,2023,08,08,23,34.2,97,Moderate,27.0,UG/M3,1 Hr,Valid
Jakarta Central,PM2.5 - Principal,2023-08-09 12:00 AM,2023,08,09,00,28.8,86,Moderate,24.0,UG/M3,1 Hr,Valid
Jakarta Central,PM2.5 - Principal,2023-08-09 01:00 AM,2023,08,09,01,27.4,83,Moderate,26.0,UG/M3,1 Hr,Valid
Jakarta Central,PM2.5 - Principal,2023-08-09 02:00 AM,2023,08,09,02,29.2,87,Moderate,31.0,UG/M3,1 Hr,Valid
Jakarta Central,PM2.5 - Principal,2023-08-09 03:00 AM,2023,08,09,03,37.6,106,Unhealthy for Sensitive Groups,46.0,UG/M3,1 Hr,Valid
Jakarta Central,PM2.5 - Principal,2023-08-09 04:00 AM,2023,08,09,04,43.3,120,Unhealthy for Sensitive Groups,49.0,UG/M3,1 Hr,Valid
Jakarta Central,PM2.5 - Principal,2023-08-09 05:00 AM,2023,08,09,05,50.1,137,Unhealthy for Sensitive Groups,57.0,UG/M3,1 Hr,Valid
Jakarta Central,PM2.5 - Principal,2023-08-09 06:00 AM,2023,08,09,06,50.5,138,Unhealthy for Sensitive Groups,51.0,UG/M3,1 Hr,Valid
Jakarta Central,PM2.5 - Principal,2023-08-09 07:00 AM,2023,08,09,07,57.7,152,Unhealthy,65.0,UG/M3,1 Hr,Valid
Jakarta Central,PM2.5 - Principal,2023-08-09 08:00 AM,2023,08,09,08,63.4,155,Unhealthy,69.0,UG/M3,1 Hr,Valid
Jakarta Central,PM2.5 - Principal,2023-08-09 09:00 AM,2023,08,09,09,57.7,152,Unhealthy,52.0,UG/M3,1 Hr,Valid
Jakarta Central,PM2.5 - Principal,2023-08-09 10:00 AM,2023,08,09,10,53.3,145,Unhealthy for Sensitive Groups,49.0,UG/M3,1 Hr,Valid
Jakarta Central,PM2.5 - Principal,2023-08-09 11:00 AM,2023,08,09,11,52.1,142,Unhealthy for Sensitive Groups,51.0,UG/M3,1 Hr,Valid
Jakarta Central,PM2.5 - Principal,2023-08-09 12:00 PM,2023,08,09,12,48.0,132,Unhealthy for Sensitive Groups,44.0,UG/M3,1 Hr,Valid
Jakarta Central,PM2.5 - Principal,2023-08-09 01:00 PM,2023,08,09,13,42.5,118,Unhealthy for Sensitive Groups,37.0,UG/M3,1 Hr,Valid
Jakarta Central,PM2.5 - Principal,2023-08-09 02:00 PM,2023,08,09,14,38.8,109,Unhealthy for Sensitive Groups,35.0,UG/M3,1 Hr,Valid
Jakarta Central,PM2.5 - Principal,2023-08-09 03:00 PM,2023,08,09,15,35.3,100,Moderate,32.0,UG/M3,1 Hr,Valid
Jakarta Central,PM2.5 - Principal,2023-08-09 04:00 PM,2023,08,09,16,35.1,99,Moderate,35.0,UG/M3,1 Hr,Valid
Jakarta Central,PM2.5 - Principal,2023-08-09 05:00 PM,2023,08,09,17,33.5,96,Moderate,32.0,UG/M3,1 Hr,Valid
Jakarta Central,PM2.5 - Principal,2023-08-09 06:00 PM,2023,08,09,18,35.7,101,Unhealthy for Sensitive Groups,38.0,UG/M3,1 Hr,Valid
Jakarta Central,PM2.5 - Principal,2023-08-09 07:00 PM,2023,08,09,19,34.8,99,Moderate,34.0,UG/M3,1 Hr,Valid
Jakarta Central,PM2.5 - Principal,2023-08-09 08:00 PM,2023,08,09,20,38.5,108,Unhealthy for Sensitive Groups,44.0,UG/M3,1 Hr,Valid
Jakarta Central,PM2.5 - Principal,2023-08-09 09:00 PM,2023,08,09,21,40.5,113,Unhealthy for Sensitive Groups,44.0,UG/M3,1 Hr,Valid
Jakarta Central,PM2.5 - Principal,2023-08-09 10:00 PM,2023,08,09,22,37.6,106,Unhealthy for Sensitive Groups,33.0,UG/M3,1 Hr,Valid
Jakarta Central,PM2.5 - Principal,2023-08-09 11:00 PM,2023,08,09,23,36.0,102,Unhealthy for Sensitive Groups,32.0,UG/M3,1 Hr,Valid
Jakarta Central,PM2.5 - Principal,2023-08-10 12:00 AM,2023,08,10,00,32.8,95,Moderate,28.0,UG/M3,1 Hr,Valid
Jakarta Central,PM2.5 - Principal,2023-08-10 01:00 AM,2023,08,10,01,33.6,96,Moderate,35.0,UG/M3,1 Hr,Valid
Jakarta Central,PM2.5 - Principal,2023-08-10 02:00 AM,2023,08,10,02,33.7,96,Moderate,34.0,UG/M3,1 Hr,Valid
Jakarta Central,PM2.5 - Principal,2023-08-10 03:00 AM,2023,08,10,03,36.3,103,Unhealthy for Sensitive Groups,41.0,UG/M3,1 Hr,Valid
Jakarta Central,PM2.5 - Principal,2023-08-10 04:00 AM,2023,08,10,04,49.1,134,Unhealthy for Sensitive Groups,61.0,UG/M3,1 Hr,Valid
Jakarta Central,PM2.5 - Principal,2023-08-10 05:00 AM,2023,08,10,05,54.5,148,Unhealthy for Sensitive Groups,60.0,UG/M3,1 Hr,Valid
Jakarta Central,PM2.5 - Principal,2023-08-10 06:00 AM,2023,08,10,06,58.2,152,Unhealthy,62.0,UG/M3,1 Hr,Valid
Jakarta Central,PM2.5 - Principal,2023-08-10 07:00 AM,2023,08,10,07,62.1,154,Unhealthy,66.0,UG/M3,1 Hr,Valid
Jakarta Central,PM2.5 - Principal,2023-08-10 08:00 AM,2023,08,10,08,62.0,154,Unhealthy,62.0,UG/M3,1 Hr,Valid
Jakarta Central,PM2.5 - Principal,2023-08-10 09:00 AM,2023,08,10,09,64.0,155,Unhealthy,66.0,UG/M3,1 Hr,Valid
Jakarta Central,PM2.5 - Principal,2023-08-10 10:00 AM,2023,08,10,10,65.0,156,Unhealthy,66.0,UG/M3,1 Hr,Valid
Jakarta Central,PM2.5 - Principal,2023-08-10 11:00 AM,2023,08,10,11,65.0,156,Unhealthy,985.0,UG/M3,1 Hr,Invalid
Jakarta Central,PM2.5 - Principal,2023-08-10 12:00 PM,2023,08,10,12,77.0,162,Unhealthy,83.0,UG/M3,1 Hr,Valid
Jakarta Central,PM2.5 - Principal,2023-08-10 01:00 PM,2023,08,10,13,63.2,155,Unhealthy,53.0,UG/M3,1 Hr,Valid
Jakarta Central,PM2.5 - Principal,2023-08-10 02:00 PM,2023,08,10,14,55.6,151,Unhealthy,49.0,UG/M3,1 Hr,Valid
Jakarta Central,PM2.5 - Principal,2023-08-10 03:00 PM,2023,08,10,15,47.0,129,Unhealthy for Sensitive Groups,39.0,UG/M3,1 Hr,Valid
Jakarta Central,PM2.5 - Principal,2023-08-10 04:00 PM,2023,08,10,16,39.9,112,Unhealthy for Sensitive Groups,33.0,UG/M3,1 Hr,Valid
Jakarta Central,PM2.5 - Principal,2023-08-10 05:00 PM,2023,08,10,17,34.9,99,Moderate,30.0,UG/M3,1 Hr,Valid
Jakarta Central,PM2.5 - Principal,2023-08-10 06:00 PM,2023,08,10,18,32.9,95,Moderate,31.0,UG/M3,1 Hr,Valid
Jakarta Central,PM2.5 - Principal,2023-08-10 07:00 PM,2023,08,10,19,35.9,102,Unhealthy for Sensitive Groups,39.0,UG/M3,1 Hr,Valid
Jakarta Central,PM2.5 - Principal,2023-08-10 08:00 PM,2023,08,10,20,38.4,108,Unhealthy for Sensitive Groups,41.0,UG/M3,1 Hr,Valid
Jakarta Central,PM2.5 - Principal,2023-08-10 09:00 PM,2023,08,10,21,44.2,122,Unhealthy for Sensitive Groups,50.0,UG/M3,1 Hr,Valid
Jakarta Central,PM2.5 - Principal,2023-08-10 10:00 PM,2023,08,10,22,49.1,134,Unhealthy for Sensitive Groups,54.0,UG/M3,1 Hr,Valid
Jakarta Central,PM2.5 - Principal,2023-08-10 11:00 PM,2023,08,10,23,53.0,144,Unhealthy for Sensitive Groups,57.0,UG/M3,1 Hr,Valid
Jakarta Central,PM2.5 - Principal,2023-08-11 12:00 AM,2023,08,11,00,60.5,154,Unhealthy,68.0,UG/M3,1 Hr,Valid
Jakarta Central,PM2.5 - Principal,2023-08-11 01:00 AM,2023,08,11,01,59.7,153,Unhealthy,59.0,UG/M3,1 Hr,Valid
Jakarta Central,PM2.5 - Principal,2023-08-11 02:00 AM,2023,08,11,02,53.3,145,Unhealthy for Sensitive Groups,47.0,UG/M3,1 Hr,Valid
Jakarta Central,PM2.5 - Principal,2023-08-11 03:00 AM,2023,08,11,03,51.1,139,Unhealthy for Sensitive Groups,49.0,UG/M3,1 Hr,Valid
Jakarta Central,PM2.5 - Principal,2023-08-11 04:00 AM,2023,08,11,04,51.5,140,Unhealthy for Sensitive Groups,52.0,UG/M3,1 Hr,Valid
Jakarta Central,PM2.5 - Principal,2023-08-11 05:00 AM,2023,08,11,05,60.3,153,Unhealthy,69.0,UG/M3,1 Hr,Valid
Jakarta Central,PM2.5 - Principal,2023-08-11 06:00 AM,2023,08,11,06,63.1,155,Unhealthy,68.0,UG/M3,1 Hr,Valid
Jakarta Central,PM2.5 - Principal,2023-08-11 07:00 AM,2023,08,11,07,64.8,156,Unhealthy,68.0,UG/M3,1 Hr,Valid
Jakarta Central,PM2.5 - Principal,2023-08-11 08:00 AM,2023,08,11,08,70.5,159,Unhealthy,79.0,UG/M3,1 Hr,Valid
Jakarta Central,PM2.5 - Principal,2023-08-11 09:00 AM,2023,08,11,09,71.1,159,Unhealthy,72.0,UG/M3,1 Hr,Valid
Jakarta Central,PM2.5 - Principal,2023-08-11 10:00 AM,2023,08,11,10,68.6,158,Unhealthy,65.0,UG/M3,1 Hr,Valid
Jakarta Central,PM2.5 - Principal,2023-08-11 11:00 AM,2023,08,11,11,66.7,157,Unhealthy,64.0,UG/M3,1 Hr,Valid
Jakarta Central,PM2.5 - Principal,2023-08-11 12:00 PM,2023,08,11,12,59.9,153,Unhealthy,50.0,UG/M3,1 Hr,Valid
Jakarta Central,PM2.5 - Principal,2023-08-11 01:00 PM,2023,08,11,13,53.9,146,Unhealthy for Sensitive Groups,46.0,UG/M3,1 Hr,Valid
Jakarta Central,PM2.5 - Principal,2023-08-11 02:00 PM,2023,08,11,14,53.1,144,Unhealthy for Sensitive Groups,52.0,UG/M3,1 Hr,Valid
Jakarta Central,PM2.5 - Principal,2023-08-11 03:00 PM,2023,08,11,15,53.5,145,Unhealthy for Sensitive Groups,54.0,UG/M3,1 Hr,Valid
Jakarta Central,PM2.5 - Principal,2023-08-11 04:00 PM,2023,08,11,16,46.6,128,Unhealthy for Sensitive Groups,40.0,UG/M3,1 Hr,Valid
Jakarta Central,PM2.5 - Principal,2023-08-11 05:00 PM,2023,08,11,17,41.2,115,Unhealthy for Sensitive Groups,36.0,UG/M3,1 Hr,Valid
Jakarta Central,PM2.5 - Principal,2023-08-11 06:00 PM,2023,08,11,18,38.6,109,Unhealthy for Sensitive Groups,36.0,UG/M3,1 Hr,Valid
Jakarta Central,PM2.5 - Principal,2023-08-11 07:00 PM,2023,08,11,19,38.3,108,Unhealthy for Sensitive Groups,38.0,UG/M3,1 Hr,Valid
Jakarta Central,PM2.5 - Principal,2023-08-11 08:00 PM,2023,08,11,20,35.1,99,Moderate,32.0,UG/M3,1 Hr,Valid
Jakarta Central,PM2.5 - Principal,2023-08-11 09:00 PM,2023,08,11,21,36.5,103,Unhealthy for Sensitive Groups,38.0,UG/M3,1 Hr,Valid
Jakarta Central,PM2.5 - Principal,2023-08-11 10:00 PM,2023,08,11,22,44.2,122,Unhealthy for Sensitive Groups,52.0,UG/M3,1 Hr,Valid
Jakarta Central,PM2.5 - Principal,2023-08-11 11:00 PM,2023,08,11,23,49.3,135,Unhealthy for Sensitive Groups,57.0,UG/M3,1 Hr,Valid
Jakarta Central,PM2.5 - Principal,2023-08-12 12:00 AM,2023,08,12,00,46.1,127,Unhealthy for Sensitive Groups,42.0,UG/M3,1 Hr,Valid
Jakarta Central,PM2.5 - Principal,2023-08-12 01:00 AM,2023,08,12,01,46.5,128,Unhealthy for Sensitive Groups,47.0,UG/M3,1 Hr,Valid
Jakarta Central,PM2.5 - Principal,2023-08-12 02:00 AM,2023,08,12,02,44.9,124,Unhealthy for Sensitive Groups,43.0,UG/M3,1 Hr,Valid
Jakarta Central,PM2.5 - Principal,2023-08-12 03:00 AM,2023,08,12,03,46.7,129,Unhealthy for Sensitive Groups,49.0,UG/M3,1 Hr,Valid
Jakarta Central,PM2.5 - Principal,2023-08-12 04:00 AM,2023,08,12,04,47.7,131,Unhealthy for Sensitive Groups,49.0,UG/M3,1 Hr,Valid
Jakarta Central,PM2.5 - Principal,2023-08-12 05:00 AM,2023,08,12,05,53.5,145,Unhealthy for Sensitive Groups,60.0,UG/M3,1 Hr,Valid
Jakarta Central,PM2.5 - Principal,2023-08-12 06:00 AM,2023,08,12,06,66.9,157,Unhealthy,80.0,UG/M3,1 Hr,Valid
Jakarta Central,PM2.5 - Principal,2023-08-12 07:00 AM,2023,08,12,07,77.0,162,Unhealthy,87.0,UG/M3,1 Hr,Valid
Jakarta Central,PM2.5 - Principal,2023-08-12 08:00 AM,2023,08,12,08,76.0,162,Unhealthy,75.0,UG/M3,1 Hr,Valid
Jakarta Central,PM2.5 - Principal,2023-08-12 09:00 AM,2023,08,12,09,72.5,160,Unhealthy,69.0,UG/M3,1 Hr,Valid
Jakarta Central,PM2.5 - Principal,2023-08-12 10:00 AM,2023,08,12,10,67.7,157,Unhealthy,63.0,UG/M3,1 Hr,Valid
Jakarta Central,PM2.5 - Principal,2023-08-12 11:00 AM,2023,08,12,11,68.8,158,Unhealthy,70.0,UG/M3,1 Hr,Valid
Jakarta Central,PM2.5 - Principal,2023-08-12 12:00 PM,2023,08,12,12,58.4,152,Unhealthy,48.0,UG/M3,1 Hr,Valid
Jakarta Central,PM2.5 - Principal,2023-08-12 01:00 PM,2023,08,12,13,44.7,124,Unhealthy for Sensitive Groups,31.0,UG/M3,1 Hr,Valid
Jakarta Central,PM2.5 - Principal,2023-08-12 02:00 PM,2023,08,12,14,46.8,129,Unhealthy for Sensitive Groups,49.0,UG/M3,1 Hr,Valid
Jakarta Central,PM2.5 - Principal,2023-08-12 03:00 PM,2023,08,12,15,34.9,99,Moderate,23.0,UG/M3,1 Hr,Valid
Jakarta Central,PM2.5 - Principal,2023-08-12 04:00 PM,2023,08,12,16,26.4,81,Moderate,18.0,UG/M3,1 Hr,Valid
Jakarta Central,PM2.5 - Principal,2023-08-12 05:00 PM,2023,08,12,17,23.7,75,Moderate,21.0,UG/M3,1 Hr,Valid
Jakarta Central,PM2.5 - Principal,2023-08-12 06:00 PM,2023,08,12,18,25.8,80,Moderate,28.0,UG/M3,1 Hr,Valid
Jakarta Central,PM2.5 - Principal,2023-08-12 07:00 PM,2023,08,12,19,31.4,92,Moderate,37.0,UG/M3,1 Hr,Valid
Jakarta Central,PM2.5 - Principal,2023-08-12 08:00 PM,2023,08,12,20,29.7,88,Moderate,28.0,UG/M3,1 Hr,Valid
Jakarta Central,PM2.5 - Principal,2023-08-12 09:00 PM,2023,08,12,21,32.3,93,Moderate,35.0,UG/M3,1 Hr,Valid
Jakarta Central,PM2.5 - Principal,2023-08-12 10:00 PM,2023,08,12,22,35.6,101,Unhealthy for Sensitive Groups,39.0,UG/M3,1 Hr,Valid
Jakarta Central,PM2.5 - Principal,2023-08-12 11:00 PM,2023,08,12,23,41.3,115,Unhealthy for Sensitive Groups,47.0,UG/M3,1 Hr,Valid
Jakarta Central,PM2.5 - Principal,2023-08-13 12:00 AM,2023,08,13,00,39.6,111,Unhealthy for Sensitive Groups,38.0,UG/M3,1 Hr,Valid
Jakarta Central,PM2.5 - Principal,2023-08-13 01:00 AM,2023,08,13,01,51.3,140,Unhealthy for Sensitive Groups,63.0,UG/M3,1 Hr,Valid
Jakarta Central,PM2.5 - Principal,2023-08-13 02:00 AM,2023,08,13,02,54.1,147,Unhealthy for Sensitive Groups,57.0,UG/M3,1 Hr,Valid
Jakarta Central,PM2.5 - Principal,2023-08-13 03:00 AM,2023,08,13,03,52.5,143,Unhealthy for Sensitive Groups,51.0,UG/M3,1 Hr,Valid
Jakarta Central,PM2.5 - Principal,2023-08-13 04:00 AM,2023,08,13,04,50.7,138,Unhealthy for Sensitive Groups,49.0,UG/M3,1 Hr,Valid
Jakarta Central,PM2.5 - Principal,2023-08-13 05:00 AM,2023,08,13,05,49.4,135,Unhealthy for Sensitive Groups,48.0,UG/M3,1 Hr,Valid
Jakarta Central,PM2.5 - Principal,2023-08-13 06:00 AM,2023,08,13,06,50.2,137,Unhealthy for Sensitive Groups,51.0,UG/M3,1 Hr,Valid
Jakarta Central,PM2.5 - Principal,2023-08-13 07:00 AM,2023,08,13,07,60.1,153,Unhealthy,70.0,UG/M3,1 Hr,Valid
Jakarta Central,PM2.5 - Principal,2023-08-13 08:00 AM,2023,08,13,08,60.5,154,Unhealthy,61.0,UG/M3,1 Hr,Valid
Jakarta Central,PM2.5 - Principal,2023-08-13 09:00 AM,2023,08,13,09,55.0,149,Unhealthy for Sensitive Groups,49.0,UG/M3,1 Hr,Valid
Jakarta Central,PM2.5 - Principal,2023-08-13 10:00 AM,2023,08,13,10,43.8,121,Unhealthy for Sensitive Groups,33.0,UG/M3,1 Hr,Valid
Jakarta Central,PM2.5 - Principal,2023-08-13 11:00 AM,2023,08,13,11,37.4,106,Unhealthy for Sensitive Groups,31.0,UG/M3,1 Hr,Valid
Jakarta Central,PM2.5 - Principal,2023-08-13 12:00 PM,2023,08,13,12,38.7,109,Unhealthy for Sensitive Groups,40.0,UG/M3,1 Hr,Valid
Jakarta Central,PM2.5 - Principal,2023-08-13 01:00 PM,2023,08,13,13,34.3,98,Moderate,30.0,UG/M3,1 Hr,Valid
Jakarta Central,PM2.5 - Principal,2023-08-13 02:00 PM,2023,08,13,14,30.1,89,Moderate,26.0,UG/M3,1 Hr,Valid
Jakarta Central,PM2.5 - Principal,2023-08-13 03:00 PM,2023,08,13,15,29.0,87,Moderate,28.0,UG/M3,1 Hr,Valid
Jakarta Central,PM2.5 - Principal,2023-08-13 04:00 PM,2023,08,13,16,28.0,84,Moderate,27.0,UG/M3,1 Hr,Valid
Jakarta Central,PM2.5 - Principal,2023-08-13 05:00 PM,2023,08,13,17,29.0,87,Moderate,30.0,UG/M3,1 Hr,Valid
Jakarta Central,PM2.5 - Principal,2023-08-13 06:00 PM,2023,08,13,18,32.5,94,Moderate,36.0,UG/M3,1 Hr,Valid
Jakarta Central,PM2.5 - Principal,2023-08-13 07:00 PM,2023,08,13,19,33.2,95,Moderate,34.0,UG/M3,1 Hr,Valid
Jakarta Central,PM2.5 - Principal,2023-08-13 08:00 PM,2023,08,13,20,29.1,87,Moderate,25.0,UG/M3,1 Hr,Valid
Jakarta Central,PM2.5 - Principal,2023-08-13 09:00 PM,2023,08,13,21,31.3,91,Moderate,34.0,UG/M3,1 Hr,Valid
Jakarta Central,PM2.5 - Principal,2023-08-13 10:00 PM,2023,08,13,22,33.8,97,Moderate,38.0,UG/M3,1 Hr,Valid
Jakarta Central,PM2.5 - Principal,2023-08-13 11:00 PM,2023,08,13,23,36.7,104,Unhealthy for Sensitive Groups,41.0,UG/M3,1 Hr,Valid
Jakarta Central,PM2.5 - Principal,2023-08-14 12:00 AM,2023,08,14,00,34.0,97,Moderate,30.0,UG/M3,1 Hr,Valid
Jakarta Central,PM2.5 - Principal,2023-08-14 01:00 AM,2023,08,14,01,34.8,99,Moderate,36.0,UG/M3,1 Hr,Valid
Jakarta Central,PM2.5 - Principal,2023-08-14 02:00 AM,2023,08,14,02,45.4,125,Unhealthy for Sensitive Groups,56.0,UG/M3,1 Hr,Valid
Jakarta Central,PM2.5 - Principal,2023-08-14 03:00 AM,2023,08,14,03,46.7,129,Unhealthy for Sensitive Groups,48.0,UG/M3,1 Hr,Valid
Jakarta Central,PM2.5 - Principal,2023-08-14 04:00 AM,2023,08,14,04,56.3,151,Unhealthy,66.0,UG/M3,1 Hr,Valid
Jakarta Central,PM2.5 - Principal,2023-08-14 05:00 AM,2023,08,14,05,52.6,143,Unhealthy for Sensitive Groups,49.0,UG/M3,1 Hr,Valid
Jakarta Central,PM2.5 - Principal,2023-08-14 06:00 AM,2023,08,14,06,54.3,147,Unhealthy for Sensitive Groups,56.0,UG/M3,1 Hr,Valid
Jakarta Central,PM2.5 - Principal,2023-08-14 07:00 AM,2023,08,14,07,52.6,143,Unhealthy for Sensitive Groups,51.0,UG/M3,1 Hr,Valid
Jakarta Central,PM2.5 - Principal,2023-08-14 08:00 AM,2023,08,14,08,48.3,133,Unhealthy for Sensitive Groups,44.0,UG/M3,1 Hr,Valid
Jakarta Central,PM2.5 - Principal,2023-08-14 09:00 AM,2023,08,14,09,48.6,133,Unhealthy for Sensitive Groups,49.0,UG/M3,1 Hr,Valid
Jakarta Central,PM2.5 - Principal,2023-08-14 10:00 AM,2023,08,14,10,48.8,134,Unhealthy for Sensitive Groups,49.0,UG/M3,1 Hr,Valid
Jakarta Central,PM2.5 - Principal,2023-08-14 11:00 AM,2023,08,14,11,51.9,141,Unhealthy for Sensitive Groups,55.0,UG/M3,1 Hr,Valid
Jakarta Central,PM2.5 - Principal,2023-08-14 12:00 PM,2023,08,14,12,55.0,149,Unhealthy for Sensitive Groups,59.0,UG/M3,1 Hr,Valid
Jakarta Central,PM2.5 - Principal,2023-08-14 01:00 PM,2023,08,14,13,53.6,146,Unhealthy for Sensitive Groups,53.0,UG/M3,1 Hr,Valid
Jakarta Central,PM2.5 - Principal,2023-08-14 02:00 PM,2023,08,14,14,50.3,137,Unhealthy for Sensitive Groups,44.0,UG/M3,1 Hr,Valid
Jakarta Central,PM2.5 - Principal,2023-08-14 03:00 PM,2023,08,14,15,43.3,120,Unhealthy for Sensitive Groups,36.0,UG/M3,1 Hr,Valid
Jakarta Central,PM2.5 - Principal,2023-08-14 04:00 PM,2023,08,14,16,42.3,118,Unhealthy for Sensitive Groups,39.0,UG/M3,1 Hr,Valid
Jakarta Central,PM2.5 - Principal,2023-08-14 05:00 PM,2023,08,14,17,36.3,103,Unhealthy for Sensitive Groups,31.0,UG/M3,1 Hr,Valid
Jakarta Central,PM2.5 - Principal,2023-08-14 06:00 PM,2023,08,14,18,33.7,96,Moderate,31.0,UG/M3,1 Hr,Valid
Jakarta Central,PM2.5 - Principal,2023-08-14 07:00 PM,2023,08,14,19,32.9,95,Moderate,32.0,UG/M3,1 Hr,Valid
Jakarta Central,PM2.5 - Principal,2023-08-14 08:00 PM,2023,08,14,20,38.6,109,Unhealthy for Sensitive Groups,45.0,UG/M3,1 Hr,Valid
Jakarta Central,PM2.5 - Principal,2023-08-14 09:00 PM,2023,08,14,21,37.8,107,Unhealthy for Sensitive Groups,37.0,UG/M3,1 Hr,Valid
Jakarta Central,PM2.5 - Principal,2023-08-14 10:00 PM,2023,08,14,22,35.0,99,Moderate,32.0,UG/M3,1 Hr,Valid
Jakarta Central,PM2.5 - Principal,2023-08-14 11:00 PM,2023,08,14,23,38.8,109,Unhealthy for Sensitive Groups,43.0,UG/M3,1 Hr,Valid
Jakarta Central,PM2.5 - Principal,2023-08-15 12:00 AM,2023,08,15,00,36.6,104,Unhealthy for Sensitive Groups,34.0,UG/M3,1 Hr,Valid
Jakarta Central,PM2.5 - Principal,2023-08-15 01:00 AM,2023,08,15,01,33.9,97,Moderate,29.0,UG/M3,1 Hr,Valid
Jakarta Central,PM2.5 - Principal,2023-08-15 02:00 AM,2023,08,15,02,47.8,131,Unhealthy for Sensitive Groups,63.0,UG/M3,1 Hr,Valid
Jakarta Central,PM2.5 - Principal,2023-08-15 03:00 AM,2023,08,15,03,51.9,141,Unhealthy for Sensitive Groups,56.0,UG/M3,1 Hr,Valid
Jakarta Central,PM2.5 - Principal,2023-08-15 04:00 AM,2023,08,15,04,57.9,152,Unhealthy,64.0,UG/M3,1 Hr,Valid
Jakarta Central,PM2.5 - Principal,2023-08-15 05:00 AM,2023,08,15,05,60.4,154,Unhealthy,63.0,UG/M3,1 Hr,Valid
Jakarta Central,PM2.5 - Principal,2023-08-15 06:00 AM,2023,08,15,06,62.7,155,Unhealthy,65.0,UG/M3,1 Hr,Valid
Jakarta Central,PM2.5 - Principal,2023-08-15 07:00 AM,2023,08,15,07,64.3,156,Unhealthy,66.0,UG/M3,1 Hr,Valid
Jakarta Central,PM2.5 - Principal,2023-08-15 08:00 AM,2023,08,15,08,63.6,155,Unhealthy,63.0,UG/M3,1 Hr,Valid
Jakarta Central,PM2.5 - Principal,2023-08-15 09:00 AM,2023,08,15,09,61.3,154,Unhealthy,59.0,UG/M3,1 Hr,Valid
Jakarta Central,PM2.5 - Principal,2023-08-15 10:00 AM,2023,08,15,10,60.1,153,Unhealthy,59.0,UG/M3,1 Hr,Valid
Jakarta Central,PM2.5 - Principal,2023-08-15 11:00 AM,2023,08,15,11,63.5,155,Unhealthy,67.0,UG/M3,1 Hr,Valid
Jakarta Central,PM2.5 - Principal,2023-08-15 12:00 PM,2023,08,15,12,65.2,156,Unhealthy,67.0,UG/M3,1 Hr,Valid
Jakarta Central,PM2.5 - Principal,2023-08-15 01:00 PM,2023,08,15,13,62.3,155,Unhealthy,57.0,UG/M3,1 Hr,Valid
Jakarta Central,PM2.5 - Principal,2023-08-15 02:00 PM,2023,08,15,14,55.0,149,Unhealthy for Sensitive Groups,43.0,UG/M3,1 Hr,Valid
Jakarta Central,PM2.5 - Principal,2023-08-15 03:00 PM,2023,08,15,15,48.4,133,Unhealthy for Sensitive Groups,40.0,UG/M3,1 Hr,Valid
Jakarta Central,PM2.5 - Principal,2023-08-15 04:00 PM,2023,08,15,16,42.6,118,Unhealthy for Sensitive Groups,37.0,UG/M3,1 Hr,Valid
Jakarta Central,PM2.5 - Principal,2023-08-15 05:00 PM,2023,08,15,17,36.2,103,Unhealthy for Sensitive Groups,31.0,UG/M3,1 Hr,Valid
Jakarta Central,PM2.5 - Principal,2023-08-15 06:00 PM,2023,08,15,18,33.6,96,Moderate,31.0,UG/M3,1 Hr,Valid
Jakarta Central,PM2.5 - Principal,2023-08-15 07:00 PM,2023,08,15,19,33.8,97,Moderate,34.0,UG/M3,1 Hr,Valid
Jakarta Central,PM2.5 - Principal,2023-08-15 08:00 PM,2023,08,15,20,38.4,108,Unhealthy for Sensitive Groups,43.0,UG/M3,1 Hr,Valid
Jakarta Central,PM2.5 - Principal,2023-08-15 09:00 PM,2023,08,15,21,40.6,114,Unhealthy for Sensitive Groups,43.0,UG/M3,1 Hr,Valid
Jakarta Central,PM2.5 - Principal,2023-08-15 10:00 PM,2023,08,15,22,44.3,123,Unhealthy for Sensitive Groups,48.0,UG/M3,1 Hr,Valid
Jakarta Central,PM2.5 - Principal,2023-08-15 11:00 PM,2023,08,15,23,52.6,143,Unhealthy for Sensitive Groups,61.0,UG/M3,1 Hr,Valid
Jakarta Central,PM2.5 - Principal,2023-08-16 12:00 AM,2023,08,16,00,51.2,140,Unhealthy for Sensitive Groups,50.0,UG/M3,1 Hr,Valid
Jakarta Central,PM2.5 - Principal,2023-08-16 01:00 AM,2023,08,16,01,51.6,141,Unhealthy for Sensitive Groups,52.0,UG/M3,1 Hr,Valid
Jakarta Central,PM2.5 - Principal,2023-08-16 02:00 AM,2023,08,16,02,44.4,123,Unhealthy for Sensitive Groups,37.0,UG/M3,1 Hr,Valid
Jakarta Central,PM2.5 - Principal,2023-08-16 03:00 AM,2023,08,16,03,53.1,144,Unhealthy for Sensitive Groups,62.0,UG/M3,1 Hr,Valid
Jakarta Central,PM2.5 - Principal,2023-08-16 04:00 AM,2023,08,16,04,60.0,153,Unhealthy,67.0,UG/M3,1 Hr,Valid
Jakarta Central,PM2.5 - Principal,2023-08-16 05:00 AM,2023,08,16,05,64.5,156,Unhealthy,69.0,UG/M3,1 Hr,Valid
Jakarta Central,PM2.5 - Principal,2023-08-16 06:00 AM,2023,08,16,06,69.2,158,Unhealthy,74.0,UG/M3,1 Hr,Valid
Jakarta Central,PM2.5 - Principal,2023-08-16 07:00 AM,2023,08,16,07,70.6,159,Unhealthy,72.0,UG/M3,1 Hr,Valid
Jakarta Central,PM2.5 - Principal,2023-08-16 08:00 AM,2023,08,16,08,62.3,155,Unhealthy,54.0,UG/M3,1 Hr,Valid
Jakarta Central,PM2.5 - Principal,2023-08-16 09:00 AM,2023,08,16,09,54.6,148,Unhealthy for Sensitive Groups,47.0,UG/M3,1 Hr,Valid
Jakarta Central,PM2.5 - Principal,2023-08-16 10:00 AM,2023,08,16,10,50.3,137,Unhealthy for Sensitive Groups,46.0,UG/M3,1 Hr,Valid
Jakarta Central,PM2.5 - Principal,2023-08-16 11:00 AM,2023,08,16,11,60.1,153,Unhealthy,70.0,UG/M3,1 Hr,Valid
Jakarta Central,PM2.5 - Principal,2023-08-16 12:00 PM,2023,08,16,12,67.5,157,Unhealthy,75.0,UG/M3,1 Hr,Valid
Jakarta Central,PM2.5 - Principal,2023-08-16 01:00 PM,2023,08,16,13,69.2,158,Unhealthy,71.0,UG/M3,1 Hr,Valid
Jakarta Central,PM2.5 - Principal,2023-08-16 02:00 PM,2023,08,16,14,68.1,158,Unhealthy,69.0,UG/M3,1 Hr,Valid
Jakarta Central,PM2.5 - Principal,2023-08-16 03:00 PM,2023,08,16,15,56.9,152,Unhealthy,42.0,UG/M3,1 Hr,Valid
Jakarta Central,PM2.5 - Principal,2023-08-16 04:00 PM,2023,08,16,16,41.2,115,Unhealthy for Sensitive Groups,27.0,UG/M3,1 Hr,Valid
Jakarta Central,PM2.5 - Principal,2023-08-16 05:00 PM,2023,08,16,17,36.1,102,Unhealthy for Sensitive Groups,31.0,UG/M3,1 Hr,Valid
Jakarta Central,PM2.5 - Principal,2023-08-16 06:00 PM,2023,08,16,18,32.0,93,Moderate,28.0,UG/M3,1 Hr,Valid
Jakarta Central,PM2.5 - Principal,2023-08-16 07:00 PM,2023,08,16,19,34.0,97,Moderate,36.0,UG/M3,1 Hr,Valid
Jakarta Central,PM2.5 - Principal,2023-08-16 08:00 PM,2023,08,16,20,35.5,101,Unhealthy for Sensitive Groups,37.0,UG/M3,1 Hr,Valid
Jakarta Central,PM2.5 - Principal,2023-08-16 09:00 PM,2023,08,16,21,35.7,101,Unhealthy for Sensitive Groups,36.0,UG/M3,1 Hr,Valid
Jakarta Central,PM2.5 - Principal,2023-08-16 10:00 PM,2023,08,16,22,41.3,115,Unhealthy for Sensitive Groups,47.0,UG/M3,1 Hr,Valid
Jakarta Central,PM2.5 - Principal,2023-08-16 11:00 PM,2023,08,16,23,49.6,136,Unhealthy for Sensitive Groups,58.0,UG/M3,1 Hr,Valid
Jakarta Central,PM2.5 - Principal,2023-08-17 12:00 AM,2023,08,17,00,45.8,126,Unhealthy for Sensitive Groups,42.0,UG/M3,1 Hr,Valid
